{
  "inflate_const": 6.022734517387293,
  "inflate_log_views": -1.0208937205671254,
  "inflate_log_carts": -19.460431394955183,
  "const": -2.4070252492190303,
  "log_views": 0.352020729015703,
  "log_carts": 0.9191527943383226,
  "alpha": 0.6706367018897488
}